[{"gender":"female","name":{"title":"Ms","first":"Kitty","last":"Riley"},"email":"kitty.riley@example.com","dob":{"date":"1990-01-29T02:39:32.930Z","age":"31"},"registered":{"date":"2016-09-14T02:39:23.412Z","age":"5"},"picture":"photos\/female\/1.jpg","works_at":"ChIJPbtydgVIDW0RoLGPPZg9-6w"},{"gender":"female","name":{"title":"Miss","first":"Naomi","last":"Mitchelle"},"email":"naomi.mitchelle@example.com","dob":{"date":"1995-12-27T23:28:57.899Z","age":"26"},"registered":{"date":"2018-02-13T01:44:22.189Z","age":"3"},"picture":"photos\/female\/2.jpg","works_at":"ChIJv7Rnm_lDDW0RTw4Y2JNc2ng"},{"gender":"female","name":{"title":"Miss","first":"Teresa","last":"Rogers"},"email":"teresa.rogers@example.com","dob":{"date":"1978-10-25T04:55:47.554Z","age":"43"},"registered":{"date":"2012-09-07T09:49:44.281Z","age":"9"},"picture":"photos\/female\/3.jpg","works_at":"ChIJIcep3ZVHDW0R88EyluNXcJI"},{"gender":"female","name":{"title":"Miss","first":"Brandie","last":"Gregory"},"email":"brandie.gregory@example.com","dob":{"date":"1972-03-14T23:40:17.948Z","age":"49"},"registered":{"date":"2011-01-08T07:05:23.899Z","age":"10"},"picture":"photos\/female\/4.jpg","works_at":"ChIJDwR7dXNBDW0R9J3cctaMaF4"},{"gender":"female","name":{"title":"Ms","first":"Danielle","last":"Ross"},"email":"danielle.ross@example.com","dob":{"date":"1985-02-15T08:01:53.027Z","age":"36"},"registered":{"date":"2010-05-06T09:18:27.707Z","age":"11"},"picture":"photos\/female\/5.jpg","works_at":"ChIJ03-4fR1EDW0RSQas3NtR-gE"},{"gender":"female","name":{"title":"Miss","first":"Mariechen","last":"Jobst"},"email":"mariechen.jobst@example.com","dob":{"date":"1984-06-05T21:50:23.080Z","age":"37"},"registered":{"date":"2017-01-14T04:49:16.074Z","age":"4"},"picture":"photos\/female\/6.jpg","works_at":"ChIJ_XuvKiBHDW0RDUuEq1Xl_Rk"},{"gender":"female","name":{"title":"Ms","first":"Maria","last":"Chambers"},"email":"maria.chambers@example.com","dob":{"date":"1986-05-03T04:35:41.621Z","age":"35"},"registered":{"date":"2013-10-12T07:50:28.701Z","age":"8"},"picture":"photos\/female\/7.jpg","works_at":"ChIJPbtydgVIDW0RoLGPPZg9-6w"},{"gender":"female","name":{"title":"Mrs","first":"Maia","last":"Green"},"email":"maia.green@example.com","dob":{"date":"1998-06-26T13:00:35.997Z","age":"23"},"registered":{"date":"2018-12-11T18:19:26.231Z","age":"3"},"picture":"photos\/female\/8.jpg","works_at":"ChIJJcUMLSBHDW0RjrLTzsltNsU"},{"gender":"female","name":{"title":"Ms","first":"Chloe","last":"Powell"},"email":"chloe.powell@example.com","dob":{"date":"1951-08-07T16:52:52.053Z","age":"70"},"registered":{"date":"2011-01-31T17:20:13.633Z","age":"10"},"picture":"photos\/female\/9.jpg","works_at":"ChIJv7Rnm_lDDW0RTw4Y2JNc2ng"},{"gender":"female","name":{"title":"Miss","first":"Lourdes","last":"Ramirez"},"email":"lourdes.ramirez@example.com","dob":{"date":"1954-03-05T18:32:52.578Z","age":"67"},"registered":{"date":"2003-12-03T12:28:21.955Z","age":"18"},"picture":"photos\/female\/10.jpg","works_at":"ChIJ4yfipslGDW0RNOjOYrEmtR0"},{"gender":"female","name":{"title":"Ms","first":"Nadia","last":"Silveira"},"email":"nadia.silveira@example.com","dob":{"date":"1991-02-05T00:15:56.137Z","age":"30"},"registered":{"date":"2015-04-16T14:44:04.424Z","age":"6"},"picture":"photos\/female\/11.jpg","works_at":"ChIJjbjVCGpPDW0RXDoz3rUEFD0"},{"gender":"female","name":{"title":"Ms","first":"Sofia","last":"Kristensen"},"email":"sofia.kristensen@example.com","dob":{"date":"1957-05-01T02:54:12.361Z","age":"64"},"registered":{"date":"2008-05-07T11:28:56.142Z","age":"13"},"picture":"photos\/female\/12.jpg","works_at":"ChIJCdfi0ak_DW0Rm3vlAj1UTsE"},{"gender":"female","name":{"title":"Ms","first":"Victoria","last":"Harris"},"email":"victoria.harris@example.com","dob":{"date":"1963-02-25T00:21:01.813Z","age":"58"},"registered":{"date":"2013-09-11T16:17:57.869Z","age":"8"},"picture":"photos\/female\/13.jpg","works_at":"ChIJYZngBVVGDW0RKkNVJXmW2u0"},{"gender":"female","name":{"title":"Miss","first":"Yasemin","last":"Gunday"},"email":"yasemin.gunday@example.com","dob":{"date":"1976-07-13T21:22:20.028Z","age":"45"},"registered":{"date":"2007-02-28T05:09:36.068Z","age":"14"},"picture":"photos\/female\/14.jpg","works_at":"ChIJ7xdheYlIDW0R46XMF7Qqjbs"},{"gender":"female","name":{"title":"Miss","first":"Leyla","last":"Wiig"},"email":"leyla.wiig@example.com","dob":{"date":"1983-04-03T02:12:56.893Z","age":"38"},"registered":{"date":"2013-11-14T22:35:02.225Z","age":"8"},"picture":"photos\/female\/15.jpg","works_at":"ChIJCdfi0ak_DW0Rm3vlAj1UTsE"},{"gender":"female","name":{"title":"Ms","first":"Ava","last":"Vidal"},"email":"ava.vidal@example.com","dob":{"date":"1959-07-20T16:25:38.658Z","age":"62"},"registered":{"date":"2006-04-02T11:42:38.726Z","age":"15"},"picture":"photos\/female\/16.jpg","works_at":"ChIJCy1snIxIDW0ReYXEUqVwUOk"},{"gender":"female","name":{"title":"Mrs","first":"Ariana","last":"Singh"},"email":"ariana.singh@example.com","dob":{"date":"1946-05-11T06:21:05.609Z","age":"75"},"registered":{"date":"2002-07-09T10:17:05.576Z","age":"19"},"picture":"photos\/female\/17.jpg","works_at":"ChIJx8_y3FNJDW0Rk4Zr_P94QKI"},{"gender":"female","name":{"title":"Mademoiselle","first":"Jara","last":"David"},"email":"jara.david@example.com","dob":{"date":"1979-04-18T13:37:39.710Z","age":"42"},"registered":{"date":"2006-08-09T20:43:50.742Z","age":"15"},"picture":"photos\/female\/18.jpg","works_at":"ChIJ03-4fR1EDW0RSQas3NtR-gE"},{"gender":"female","name":{"title":"Miss","first":"Anita","last":"Cooper"},"email":"anita.cooper@example.com","dob":{"date":"1957-08-08T05:23:01.883Z","age":"64"},"registered":{"date":"2016-02-18T13:09:31.238Z","age":"5"},"picture":"photos\/female\/19.jpg","works_at":"ChIJHbdXTiRADW0RLVmsW5zFfFI"},{"gender":"female","name":{"title":"Mrs","first":"Amine","last":"Odegarden"},"email":"amine.odegarden@example.com","dob":{"date":"1976-12-28T15:26:59.104Z","age":"45"},"registered":{"date":"2010-08-22T15:38:06.359Z","age":"11"},"picture":"photos\/female\/20.jpg","works_at":"ChIJeajuYENIDW0RZvD7hUJ29e4"},{"gender":"female","name":{"title":"Ms","first":"Gabrielle","last":"Taylor"},"email":"gabrielle.taylor@example.com","dob":{"date":"1951-11-28T19:35:12.935Z","age":"70"},"registered":{"date":"2015-11-09T05:05:36.267Z","age":"6"},"picture":"photos\/female\/21.jpg","works_at":"ChIJCdfi0ak_DW0Rm3vlAj1UTsE"},{"gender":"female","name":{"title":"Ms","first":"Belen","last":"Mendez"},"email":"belen.mendez@example.com","dob":{"date":"1958-12-01T05:17:03.399Z","age":"63"},"registered":{"date":"2008-12-23T05:32:59.702Z","age":"13"},"picture":"photos\/female\/22.jpg","works_at":"ChIJCy1snIxIDW0ReYXEUqVwUOk"},{"gender":"female","name":{"title":"Ms","first":"Wilma","last":"Rhodes"},"email":"wilma.rhodes@example.com","dob":{"date":"1975-01-16T21:15:54.066Z","age":"46"},"registered":{"date":"2010-07-16T16:58:38.691Z","age":"11"},"picture":"photos\/female\/23.jpg","works_at":"ChIJeajuYENIDW0RZvD7hUJ29e4"},{"gender":"female","name":{"title":"Miss","first":"Aracy","last":"da Luz"},"email":"aracy.daluz@example.com","dob":{"date":"1975-12-01T13:36:51.019Z","age":"46"},"registered":{"date":"2010-10-11T21:39:34.365Z","age":"11"},"picture":"photos\/female\/24.jpg","works_at":"ChIJCdfi0ak_DW0Rm3vlAj1UTsE"},{"gender":"female","name":{"title":"Ms","first":"Burcu","last":"Engbers"},"email":"burcu.engbers@example.com","dob":{"date":"1946-06-16T19:14:51.860Z","age":"75"},"registered":{"date":"2017-04-07T10:53:00.587Z","age":"4"},"picture":"photos\/female\/25.jpg","works_at":"ChIJIcep3ZVHDW0R88EyluNXcJI"},{"gender":"female","name":{"title":"Mrs","first":"Nidelia","last":"Duarte"},"email":"nidelia.duarte@example.com","dob":{"date":"1985-01-01T14:25:00.575Z","age":"36"},"registered":{"date":"2008-11-02T01:19:55.182Z","age":"13"},"picture":"photos\/female\/26.jpg","works_at":"ChIJJcUMLSBHDW0RjrLTzsltNsU"},{"gender":"female","name":{"title":"Ms","first":"Silje","last":"Jensen"},"email":"silje.jensen@example.com","dob":{"date":"1958-09-21T09:34:48.624Z","age":"63"},"registered":{"date":"2002-05-06T21:56:17.709Z","age":"19"},"picture":"photos\/female\/27.jpg","works_at":"ChIJYZngBVVGDW0RKkNVJXmW2u0"},{"gender":"female","name":{"title":"Ms","first":"Angele","last":"Dumont"},"email":"angele.dumont@example.com","dob":{"date":"1946-11-07T07:04:49.886Z","age":"75"},"registered":{"date":"2003-10-29T17:51:36.979Z","age":"18"},"picture":"photos\/female\/28.jpg","works_at":"ChIJ7xdheYlIDW0R46XMF7Qqjbs"},{"gender":"female","name":{"title":"Madame","first":"Marija","last":"Laurent"},"email":"marija.laurent@example.com","dob":{"date":"1970-02-25T13:53:43.208Z","age":"51"},"registered":{"date":"2016-10-21T08:58:47.899Z","age":"5"},"picture":"photos\/female\/29.jpg","works_at":"ChIJ7xdheYlIDW0R46XMF7Qqjbs"},{"gender":"female","name":{"title":"Mrs","first":"Angelina","last":"Jesus"},"email":"angelina.jesus@example.com","dob":{"date":"1973-04-24T05:22:37.743Z","age":"48"},"registered":{"date":"2013-07-28T16:35:55.648Z","age":"8"},"picture":"photos\/female\/30.jpg","works_at":"ChIJ7xdheYlIDW0R46XMF7Qqjbs"},{"gender":"female","name":{"title":"Mrs","first":"Melike","last":"Barbarosolu"},"email":"melike.barbarosoglu@example.com","dob":{"date":"1959-05-06T03:38:34.841Z","age":"62"},"registered":{"date":"2005-02-28T18:17:51.714Z","age":"16"},"picture":"photos\/female\/31.jpg","works_at":"ChIJCy1snIxIDW0ReYXEUqVwUOk"},{"gender":"female","name":{"title":"Mrs","first":"Henriette","last":""},"email":"henriette.sjastad@example.com","dob":{"date":"1959-04-01T02:40:36.011Z","age":"62"},"registered":{"date":"2006-07-19T23:46:21.452Z","age":"15"},"picture":"photos\/female\/32.jpg","works_at":"ChIJXZFaSB1LDW0RyDu5MTHVz0Y"},{"gender":"female","name":{"title":"Ms","first":"Brianna","last":"Shelton"},"email":"brianna.shelton@example.com","dob":{"date":"1945-01-21T21:28:01.868Z","age":"76"},"registered":{"date":"2016-10-14T10:24:43.321Z","age":"5"},"picture":"photos\/female\/33.jpg","works_at":"ChIJ4yfipslGDW0RNOjOYrEmtR0"},{"gender":"female","name":{"title":"Ms","first":"Jenny","last":"Fields"},"email":"jenny.fields@example.com","dob":{"date":"1947-04-06T18:26:12.204Z","age":"74"},"registered":{"date":"2003-07-27T23:24:31.396Z","age":"18"},"picture":"photos\/female\/34.jpg","works_at":"ChIJ4yfipslGDW0RNOjOYrEmtR0"},{"gender":"female","name":{"title":"Ms","first":"Rina","last":"Verhoeks"},"email":"rina.verhoeks@example.com","dob":{"date":"1992-10-22T16:35:15.930Z","age":"29"},"registered":{"date":"2013-05-18T22:14:13.898Z","age":"8"},"picture":"photos\/female\/35.jpg","works_at":"ChIJ03-4fR1EDW0RSQas3NtR-gE"},{"gender":"female","name":{"title":"Ms","first":"Fiona","last":"Habberstad"},"email":"fiona.habberstad@example.com","dob":{"date":"1976-07-07T03:16:12.345Z","age":"45"},"registered":{"date":"2005-07-30T05:38:20.258Z","age":"16"},"picture":"photos\/female\/36.jpg","works_at":"ChIJJcUMLSBHDW0RjrLTzsltNsU"},{"gender":"female","name":{"title":"Miss","first":"Margot","last":"Arnaud"},"email":"margot.arnaud@example.com","dob":{"date":"1977-07-20T02:07:15.722Z","age":"44"},"registered":{"date":"2008-08-27T08:13:54.857Z","age":"13"},"picture":"photos\/female\/37.jpg","works_at":"ChIJ3d25U_9GDW0Rlb0BNUTUw7g"},{"gender":"female","name":{"title":"Miss","first":"Irma","last":"Morris"},"email":"irma.morris@example.com","dob":{"date":"1956-08-16T00:49:22.404Z","age":"65"},"registered":{"date":"2004-01-02T16:34:26.310Z","age":"17"},"picture":"photos\/female\/38.jpg","works_at":"ChIJx8_y3FNJDW0Rk4Zr_P94QKI"},{"gender":"female","name":{"title":"Ms","first":"Amelia","last":"Lee"},"email":"amelia.lee@example.com","dob":{"date":"1957-08-20T04:43:03.240Z","age":"64"},"registered":{"date":"2016-03-24T07:54:58.220Z","age":"5"},"picture":"photos\/female\/39.jpg","works_at":"ChIJCy1snIxIDW0ReYXEUqVwUOk"},{"gender":"female","name":{"title":"Ms","first":"Loiva","last":"Ribeiro"},"email":"loiva.ribeiro@example.com","dob":{"date":"1967-05-22T01:22:34.188Z","age":"54"},"registered":{"date":"2011-12-07T05:02:49.340Z","age":"10"},"picture":"photos\/female\/40.jpg","works_at":"ChIJCy1snIxIDW0ReYXEUqVwUOk"},{"gender":"female","name":{"title":"Ms","first":"Celina","last":"Tungland"},"email":"celina.tungland@example.com","dob":{"date":"1979-01-06T21:07:17.521Z","age":"42"},"registered":{"date":"2010-11-02T17:20:24.924Z","age":"11"},"picture":"photos\/female\/41.jpg","works_at":"ChIJsRkNbhxGDW0R1GYJwZDaxIw"},{"gender":"female","name":{"title":"Mrs","first":"Julie","last":"Poulsen"},"email":"julie.poulsen@example.com","dob":{"date":"1990-11-17T14:51:24.890Z","age":"31"},"registered":{"date":"2010-09-15T04:09:19.720Z","age":"11"},"picture":"photos\/female\/42.jpg","works_at":"ChIJCdfi0ak_DW0Rm3vlAj1UTsE"},{"gender":"female","name":{"title":"Miss","first":"Judith","last":"Hawkins"},"email":"judith.hawkins@example.com","dob":{"date":"1983-08-31T23:30:13.560Z","age":"38"},"registered":{"date":"2011-09-23T10:37:02.548Z","age":"10"},"picture":"photos\/female\/43.jpg","works_at":"ChIJeajuYENIDW0RZvD7hUJ29e4"},{"gender":"female","name":{"title":"Ms","first":"Maartje","last":"Abdullah"},"email":"maartje.abdullah@example.com","dob":{"date":"1945-09-19T14:51:35.428Z","age":"76"},"registered":{"date":"2002-05-30T09:42:24.902Z","age":"19"},"picture":"photos\/female\/44.jpg","works_at":"ChIJx8_y3FNJDW0Rk4Zr_P94QKI"},{"gender":"female","name":{"title":"Ms","first":"Michele","last":"Evans"},"email":"michele.evans@example.com","dob":{"date":"1947-02-06T22:40:40.466Z","age":"74"},"registered":{"date":"2017-04-18T15:35:44.007Z","age":"4"},"picture":"photos\/female\/45.jpg","works_at":"ChIJIcep3ZVHDW0R88EyluNXcJI"},{"gender":"female","name":{"title":"Mrs","first":"Wilma","last":"Jordan"},"email":"wilma.jordan@example.com","dob":{"date":"1948-11-28T01:04:49.899Z","age":"73"},"registered":{"date":"2012-04-29T17:07:23.277Z","age":"9"},"picture":"photos\/female\/46.jpg","works_at":"ChIJPbtydgVIDW0RoLGPPZg9-6w"},{"gender":"female","name":{"title":"Miss","first":"Magdalena","last":"Alonso"},"email":"magdalena.alonso@example.com","dob":{"date":"1990-01-15T06:51:50.336Z","age":"31"},"registered":{"date":"2012-04-16T06:25:58.372Z","age":"9"},"picture":"photos\/female\/47.jpg","works_at":"ChIJCdfi0ak_DW0Rm3vlAj1UTsE"},{"gender":"female","name":{"title":"Miss","first":"Marta","last":"Hilde"},"email":"marta.hilde@example.com","dob":{"date":"1961-11-01T02:51:48.022Z","age":"60"},"registered":{"date":"2004-07-07T10:41:49.465Z","age":"17"},"picture":"photos\/female\/48.jpg","works_at":"ChIJ_XuvKiBHDW0RDUuEq1Xl_Rk"},{"gender":"female","name":{"title":"Mrs","first":"Cacilie","last":"Nachtigall"},"email":"cacilie.nachtigall@example.com","dob":{"date":"1949-05-12T06:56:11.643Z","age":"72"},"registered":{"date":"2007-11-19T16:48:14.372Z","age":"14"},"picture":"photos\/female\/49.jpg","works_at":"ChIJCdfi0ak_DW0Rm3vlAj1UTsE"},{"gender":"female","name":{"title":"Ms","first":"Montserrat","last":"Soto"},"email":"montserrat.soto@example.com","dob":{"date":"1986-09-12T05:32:11.890Z","age":"35"},"registered":{"date":"2008-03-27T01:08:32.761Z","age":"13"},"picture":"photos\/female\/50.jpg","works_at":"ChIJv7Rnm_lDDW0RTw4Y2JNc2ng"},{"gender":"female","name":{"title":"Ms","first":"Madeleine","last":"Clarke"},"email":"madeleine.clarke@example.com","dob":{"date":"1988-06-19T15:20:35.913Z","age":"33"},"registered":{"date":"2018-11-25T00:36:04.005Z","age":"3"},"picture":"photos\/female\/51.jpg","works_at":"ChIJ3d25U_9GDW0Rlb0BNUTUw7g"},{"gender":"female","name":{"title":"Mrs","first":"Alexis","last":"Ford"},"email":"alexis.ford@example.com","dob":{"date":"1981-12-31T00:32:25.858Z","age":"40"},"registered":{"date":"2011-08-23T11:47:51.289Z","age":"10"},"picture":"photos\/female\/52.jpg","works_at":"ChIJXZFaSB1LDW0RyDu5MTHVz0Y"},{"gender":"female","name":{"title":"Miss","first":"?????","last":"???????"},"email":"mrl.rdyyn@example.com","dob":{"date":"1966-09-22T13:13:19.646Z","age":"55"},"registered":{"date":"2003-07-08T18:40:27.412Z","age":"18"},"picture":"photos\/female\/53.jpg","works_at":"ChIJ7xdheYlIDW0R46XMF7Qqjbs"},{"gender":"female","name":{"title":"Madame","first":"Marie-Claire","last":"Robert"},"email":"marie-claire.robert@example.com","dob":{"date":"1958-06-16T08:05:40.359Z","age":"63"},"registered":{"date":"2019-04-12T16:45:54.047Z","age":"2"},"picture":"photos\/female\/54.jpg","works_at":"ChIJDwR7dXNBDW0R9J3cctaMaF4"},{"gender":"female","name":{"title":"Ms","first":"Katie","last":"Evans"},"email":"katie.evans@example.com","dob":{"date":"1971-05-27T18:03:28.135Z","age":"50"},"registered":{"date":"2012-11-27T22:53:08.954Z","age":"9"},"picture":"photos\/female\/55.jpg","works_at":"ChIJv7Rnm_lDDW0RTw4Y2JNc2ng"},{"gender":"female","name":{"title":"Mrs","first":"Edel","last":"Svanberg"},"email":"edel.svanberg@example.com","dob":{"date":"1957-06-11T02:01:29.677Z","age":"64"},"registered":{"date":"2004-08-17T17:56:37.877Z","age":"17"},"picture":"photos\/female\/56.jpg","works_at":"ChIJIcep3ZVHDW0R88EyluNXcJI"},{"gender":"female","name":{"title":"Miss","first":"Lily","last":"Johnson"},"email":"lily.johnson@example.com","dob":{"date":"1946-04-04T14:42:54.925Z","age":"75"},"registered":{"date":"2003-02-25T08:22:05.168Z","age":"18"},"picture":"photos\/female\/57.jpg","works_at":"ChIJ03-4fR1EDW0RSQas3NtR-gE"},{"gender":"female","name":{"title":"Mrs","first":"Laura","last":"Nielsen"},"email":"laura.nielsen@example.com","dob":{"date":"1959-05-16T10:09:21.694Z","age":"62"},"registered":{"date":"2017-02-10T04:08:58.216Z","age":"4"},"picture":"photos\/female\/58.jpg","works_at":"ChIJCy1snIxIDW0ReYXEUqVwUOk"},{"gender":"female","name":{"title":"Mrs","first":"Ella","last":"Neal"},"email":"ella.neal@example.com","dob":{"date":"1965-02-11T04:58:56.615Z","age":"56"},"registered":{"date":"2011-08-11T20:59:56.793Z","age":"10"},"picture":"photos\/female\/59.jpg","works_at":"ChIJXZFaSB1LDW0RyDu5MTHVz0Y"},{"gender":"female","name":{"title":"Miss","first":"???","last":"????"},"email":"rh.khwty@example.com","dob":{"date":"1993-03-21T08:44:46.000Z","age":"28"},"registered":{"date":"2013-02-17T17:07:57.349Z","age":"8"},"picture":"photos\/female\/60.jpg","works_at":"ChIJ03-4fR1EDW0RSQas3NtR-gE"},{"gender":"female","name":{"title":"Mademoiselle","first":"Irene","last":"Richard"},"email":"irene.richard@example.com","dob":{"date":"1955-08-04T15:28:16.974Z","age":"66"},"registered":{"date":"2012-11-23T20:19:05.872Z","age":"9"},"picture":"photos\/female\/61.jpg","works_at":"ChIJIcep3ZVHDW0R88EyluNXcJI"},{"gender":"female","name":{"title":"Miss","first":"Liliana","last":"Barbosa"},"email":"liliana.barbosa@example.com","dob":{"date":"1995-05-19T10:59:29.467Z","age":"26"},"registered":{"date":"2006-02-13T04:35:13.139Z","age":"15"},"picture":"photos\/female\/62.jpg","works_at":"ChIJCy1snIxIDW0ReYXEUqVwUOk"},{"gender":"female","name":{"title":"Ms","first":"Melike","last":"Sozeri"},"email":"melike.sozeri@example.com","dob":{"date":"1997-10-18T11:09:50.147Z","age":"24"},"registered":{"date":"2017-01-27T18:43:31.468Z","age":"4"},"picture":"photos\/female\/63.jpg","works_at":"ChIJjbjVCGpPDW0RXDoz3rUEFD0"},{"gender":"female","name":{"title":"Mrs","first":"Charlie","last":"Lam"},"email":"charlie.lam@example.com","dob":{"date":"1955-03-12T06:40:49.417Z","age":"66"},"registered":{"date":"2012-05-31T14:05:03.535Z","age":"9"},"picture":"photos\/female\/64.jpg","works_at":"ChIJXZFaSB1LDW0RyDu5MTHVz0Y"},{"gender":"female","name":{"title":"Mrs","first":"Maida","last":"Aase"},"email":"maida.aase@example.com","dob":{"date":"1970-07-18T05:27:36.145Z","age":"51"},"registered":{"date":"2019-06-16T04:30:11.541Z","age":"2"},"picture":"photos\/female\/65.jpg","works_at":"ChIJ4yfipslGDW0RNOjOYrEmtR0"},{"gender":"female","name":{"title":"Ms","first":"Judith","last":"Osullivan"},"email":"judith.osullivan@example.com","dob":{"date":"1976-07-07T08:49:51.775Z","age":"45"},"registered":{"date":"2019-02-28T18:12:29.636Z","age":"2"},"picture":"photos\/female\/66.jpg","works_at":"ChIJsRkNbhxGDW0R1GYJwZDaxIw"},{"gender":"female","name":{"title":"Mrs","first":"Lidwina","last":"Tesch"},"email":"lidwina.tesch@example.com","dob":{"date":"1959-11-09T19:53:33.704Z","age":"62"},"registered":{"date":"2017-09-21T22:01:59.682Z","age":"4"},"picture":"photos\/female\/67.jpg","works_at":"ChIJsRkNbhxGDW0R1GYJwZDaxIw"},{"gender":"female","name":{"title":"Mrs","first":"?????","last":"????? ???"},"email":"mhdys.shylyrd@example.com","dob":{"date":"1992-10-11T20:31:44.185Z","age":"29"},"registered":{"date":"2012-05-19T13:54:50.156Z","age":"9"},"picture":"photos\/female\/68.jpg","works_at":"ChIJ_XuvKiBHDW0RDUuEq1Xl_Rk"},{"gender":"female","name":{"title":"Miss","first":"Consuelo","last":"Caballero"},"email":"consuelo.caballero@example.com","dob":{"date":"1968-02-17T00:35:17.376Z","age":"53"},"registered":{"date":"2010-10-13T06:12:53.971Z","age":"11"},"picture":"photos\/female\/69.jpg","works_at":"ChIJ03-4fR1EDW0RSQas3NtR-gE"},{"gender":"female","name":{"title":"Ms","first":"Milka","last":"Denkers"},"email":"milka.denkers@example.com","dob":{"date":"1990-08-09T19:04:08.891Z","age":"31"},"registered":{"date":"2019-05-03T01:35:48.785Z","age":"2"},"picture":"photos\/female\/70.jpg","works_at":"ChIJ3d25U_9GDW0Rlb0BNUTUw7g"},{"gender":"female","name":{"title":"Mrs","first":"Susanna","last":"Payne"},"email":"susanna.payne@example.com","dob":{"date":"1975-08-10T01:02:10.034Z","age":"46"},"registered":{"date":"2011-11-11T12:24:45.798Z","age":"10"},"picture":"photos\/female\/71.jpg","works_at":"ChIJeajuYENIDW0RZvD7hUJ29e4"},{"gender":"female","name":{"title":"Mrs","first":"Lucy","last":"Lewis"},"email":"lucy.lewis@example.com","dob":{"date":"1958-05-09T17:25:29.922Z","age":"63"},"registered":{"date":"2017-07-22T08:56:38.142Z","age":"4"},"picture":"photos\/female\/72.jpg","works_at":"ChIJjbjVCGpPDW0RXDoz3rUEFD0"},{"gender":"female","name":{"title":"Ms","first":"Ebba","last":"Mohamud"},"email":"ebba.mohamud@example.com","dob":{"date":"1971-02-10T18:06:44.670Z","age":"50"},"registered":{"date":"2010-12-03T17:13:12.515Z","age":"11"},"picture":"photos\/female\/73.jpg","works_at":"ChIJ4yfipslGDW0RNOjOYrEmtR0"},{"gender":"female","name":{"title":"Mrs","first":"Isabella","last":"Cooper"},"email":"isabella.cooper@example.com","dob":{"date":"1981-06-16T15:23:22.730Z","age":"40"},"registered":{"date":"2006-07-25T05:51:05.257Z","age":"15"},"picture":"photos\/female\/74.jpg","works_at":"ChIJPbtydgVIDW0RoLGPPZg9-6w"},{"gender":"female","name":{"title":"Ms","first":"Olga","last":"Caballero"},"email":"olga.caballero@example.com","dob":{"date":"1989-03-03T13:00:45.324Z","age":"32"},"registered":{"date":"2011-08-04T06:52:17.861Z","age":"10"},"picture":"photos\/female\/75.jpg","works_at":"ChIJCdfi0ak_DW0Rm3vlAj1UTsE"},{"gender":"female","name":{"title":"Miss","first":"Nilza","last":"Almeida"},"email":"nilza.almeida@example.com","dob":{"date":"1993-03-29T15:07:16.493Z","age":"28"},"registered":{"date":"2007-04-29T15:33:26.167Z","age":"14"},"picture":"photos\/female\/76.jpg","works_at":"ChIJXZFaSB1LDW0RyDu5MTHVz0Y"},{"gender":"female","name":{"title":"Mrs","first":"???","last":"?????"},"email":"thn.qsmy@example.com","dob":{"date":"1993-08-04T21:36:56.980Z","age":"28"},"registered":{"date":"2003-09-16T12:35:23.280Z","age":"18"},"picture":"photos\/female\/77.jpg","works_at":"ChIJPbtydgVIDW0RoLGPPZg9-6w"},{"gender":"female","name":{"title":"Miss","first":"Nurdan","last":"Kocolu"},"email":"nurdan.kocoglu@example.com","dob":{"date":"1955-01-27T23:25:14.234Z","age":"66"},"registered":{"date":"2011-03-05T10:14:50.638Z","age":"10"},"picture":"photos\/female\/78.jpg","works_at":"ChIJ03-4fR1EDW0RSQas3NtR-gE"},{"gender":"female","name":{"title":"Ms","first":"Florence","last":"Butler"},"email":"florence.butler@example.com","dob":{"date":"1984-05-06T07:13:58.658Z","age":"37"},"registered":{"date":"2008-06-04T00:33:14.180Z","age":"13"},"picture":"photos\/female\/79.jpg","works_at":"ChIJ_XuvKiBHDW0RDUuEq1Xl_Rk"},{"gender":"female","name":{"title":"Ms","first":"Tess","last":""},"email":"tess.ariens@example.com","dob":{"date":"1950-11-23T21:00:40.090Z","age":"71"},"registered":{"date":"2011-06-13T02:41:32.498Z","age":"10"},"picture":"photos\/female\/80.jpg","works_at":"ChIJCdfi0ak_DW0Rm3vlAj1UTsE"},{"gender":"female","name":{"title":"Madame","first":"Mariana","last":"Robin"},"email":"mariana.robin@example.com","dob":{"date":"1986-04-11T16:34:24.499Z","age":"35"},"registered":{"date":"2010-03-30T21:25:49.561Z","age":"11"},"picture":"photos\/female\/81.jpg","works_at":"ChIJx8_y3FNJDW0Rk4Zr_P94QKI"},{"gender":"female","name":{"title":"Mrs","first":"Julie","last":"Jossang"},"email":"julie.jossang@example.com","dob":{"date":"1998-03-06T09:46:55.547Z","age":"23"},"registered":{"date":"2009-09-12T04:49:00.401Z","age":"12"},"picture":"photos\/female\/82.jpg","works_at":"ChIJ3d25U_9GDW0Rlb0BNUTUw7g"},{"gender":"female","name":{"title":"Mademoiselle","first":"Doris","last":"Colin"},"email":"doris.colin@example.com","dob":{"date":"1951-11-05T09:18:56.480Z","age":"70"},"registered":{"date":"2019-01-03T23:17:23.930Z","age":"2"},"picture":"photos\/female\/83.jpg","works_at":"ChIJCdfi0ak_DW0Rm3vlAj1UTsE"},{"gender":"female","name":{"title":"Mrs","first":"Vicki","last":"Thomas"},"email":"vicki.thomas@example.com","dob":{"date":"1983-07-28T18:41:45.512Z","age":"38"},"registered":{"date":"2015-09-20T09:03:21.808Z","age":"6"},"picture":"photos\/female\/84.jpg","works_at":"ChIJ4yfipslGDW0RNOjOYrEmtR0"},{"gender":"female","name":{"title":"Mrs","first":"?????","last":"???????"},"email":"awyn.rdyyn@example.com","dob":{"date":"1975-05-16T01:43:16.006Z","age":"46"},"registered":{"date":"2017-09-08T00:19:24.382Z","age":"4"},"picture":"photos\/female\/85.jpg","works_at":"ChIJDwR7dXNBDW0R9J3cctaMaF4"},{"gender":"female","name":{"title":"Mrs","first":"Abbie","last":"White"},"email":"abbie.white@example.com","dob":{"date":"1974-03-25T23:35:17.655Z","age":"47"},"registered":{"date":"2015-11-25T07:52:20.217Z","age":"6"},"picture":"photos\/female\/86.jpg","works_at":"ChIJCy1snIxIDW0ReYXEUqVwUOk"},{"gender":"female","name":{"title":"Miss","first":"Teresa","last":"Bergemann"},"email":"teresa.bergemann@example.com","dob":{"date":"1947-01-29T23:48:31.136Z","age":"74"},"registered":{"date":"2017-02-10T08:57:03.615Z","age":"4"},"picture":"photos\/female\/87.jpg","works_at":"ChIJ03-4fR1EDW0RSQas3NtR-gE"},{"gender":"female","name":{"title":"Ms","first":"Omur","last":"Balaban"},"email":"omur.balaban@example.com","dob":{"date":"1971-09-25T15:12:54.895Z","age":"50"},"registered":{"date":"2015-08-01T14:27:13.356Z","age":"6"},"picture":"photos\/female\/88.jpg","works_at":"ChIJ03-4fR1EDW0RSQas3NtR-gE"},{"gender":"female","name":{"title":"Mrs","first":"Ina","last":"Doornenbal"},"email":"ina.doornenbal@example.com","dob":{"date":"1994-09-09T09:44:42.618Z","age":"27"},"registered":{"date":"2016-01-23T19:59:01.242Z","age":"5"},"picture":"photos\/female\/89.jpg","works_at":"ChIJYZngBVVGDW0RKkNVJXmW2u0"},{"gender":"female","name":{"title":"Ms","first":"Jeanne","last":"Fortin"},"email":"jeanne.fortin@example.com","dob":{"date":"1985-04-14T17:15:16.163Z","age":"36"},"registered":{"date":"2016-10-30T01:11:53.801Z","age":"5"},"picture":"photos\/female\/90.jpg","works_at":"ChIJ_XuvKiBHDW0RDUuEq1Xl_Rk"},{"gender":"female","name":{"title":"Ms","first":"Rosita","last":"Engert"},"email":"rosita.engert@example.com","dob":{"date":"1959-11-09T16:58:38.856Z","age":"62"},"registered":{"date":"2006-04-18T08:45:24.264Z","age":"15"},"picture":"photos\/female\/91.jpg","works_at":"ChIJHbdXTiRADW0RLVmsW5zFfFI"},{"gender":"female","name":{"title":"Miss","first":"Alyssa","last":"Gardner"},"email":"alyssa.gardner@example.com","dob":{"date":"1977-01-08T02:14:33.346Z","age":"44"},"registered":{"date":"2014-07-22T12:36:40.653Z","age":"7"},"picture":"photos\/female\/92.jpg","works_at":"ChIJCdfi0ak_DW0Rm3vlAj1UTsE"},{"gender":"female","name":{"title":"Ms","first":"Yasmin","last":"Skagen"},"email":"yasmin.skagen@example.com","dob":{"date":"1958-11-06T17:02:38.808Z","age":"63"},"registered":{"date":"2016-10-07T11:52:22.090Z","age":"5"},"picture":"photos\/female\/93.jpg","works_at":"ChIJCdfi0ak_DW0Rm3vlAj1UTsE"},{"gender":"female","name":{"title":"Miss","first":"Alba","last":"Santos"},"email":"alba.santos@example.com","dob":{"date":"1947-05-14T08:26:04.728Z","age":"74"},"registered":{"date":"2008-09-11T21:14:37.198Z","age":"13"},"picture":"photos\/female\/94.jpg","works_at":"ChIJ7xdheYlIDW0R46XMF7Qqjbs"},{"gender":"female","name":{"title":"Mrs","first":"Alizee","last":"Lambert"},"email":"alizee.lambert@example.com","dob":{"date":"1944-09-28T10:12:52.019Z","age":"77"},"registered":{"date":"2018-01-01T02:32:34.696Z","age":"4"},"picture":"photos\/female\/95.jpg","works_at":"ChIJ_XuvKiBHDW0RDUuEq1Xl_Rk"},{"gender":"female","name":{"title":"Miss","first":"Pauline","last":"Gerard"},"email":"pauline.gerard@example.com","dob":{"date":"1996-01-04T03:25:05.372Z","age":"25"},"registered":{"date":"2018-05-31T03:44:16.627Z","age":"3"},"picture":"photos\/female\/96.jpg","works_at":"ChIJv7Rnm_lDDW0RTw4Y2JNc2ng"},{"gender":"female","name":{"title":"Mrs","first":"Anne-Britt","last":"Van den Haak"},"email":"anne-britt.vandenhaak@example.com","dob":{"date":"1963-11-30T20:35:08.747Z","age":"58"},"registered":{"date":"2004-07-09T16:25:46.268Z","age":"17"},"picture":"photos\/female\/97.jpg","works_at":"ChIJx8_y3FNJDW0Rk4Zr_P94QKI"},{"gender":"female","name":{"title":"Miss","first":"Lumi","last":"Ojala"},"email":"lumi.ojala@example.com","dob":{"date":"1949-12-01T08:46:20.560Z","age":"72"},"registered":{"date":"2013-12-15T17:08:38.142Z","age":"8"},"picture":"photos\/female\/98.jpg","works_at":"ChIJIcep3ZVHDW0R88EyluNXcJI"},{"gender":"female","name":{"title":"Mrs","first":"Heidi","last":"Ljones"},"email":"heidi.ljones@example.com","dob":{"date":"1948-08-13T13:33:58.944Z","age":"73"},"registered":{"date":"2002-06-26T03:21:45.233Z","age":"19"},"picture":"photos\/female\/99.jpg","works_at":"ChIJHbdXTiRADW0RLVmsW5zFfFI"},{"gender":"male","name":{"title":"Mr","first":"Dwayne","last":"Burns"},"email":"dwayne.burns@example.com","dob":{"date":"1962-09-26T19:36:28.418Z","age":"59"},"registered":{"date":"2013-08-11T13:20:21.255Z","age":"8"},"picture":"photos\/male\/1.jpg","works_at":"ChIJIcep3ZVHDW0R88EyluNXcJI"},{"gender":"male","name":{"title":"Mr","first":"Sebastian","last":"Navarro"},"email":"sebastian.navarro@example.com","dob":{"date":"1956-07-21T16:03:23.399Z","age":"65"},"registered":{"date":"2019-06-05T10:14:58.059Z","age":"2"},"picture":"photos\/male\/2.jpg","works_at":"ChIJIcep3ZVHDW0R88EyluNXcJI"},{"gender":"male","name":{"title":"Mr","first":"Ivan","last":"Richardson"},"email":"ivan.richardson@example.com","dob":{"date":"1949-11-01T12:57:13.711Z","age":"72"},"registered":{"date":"2007-01-06T15:16:54.220Z","age":"14"},"picture":"photos\/male\/3.jpg","works_at":"ChIJ3d25U_9GDW0Rlb0BNUTUw7g"},{"gender":"male","name":{"title":"Mr","first":"Diego","last":"Herrero"},"email":"diego.herrero@example.com","dob":{"date":"1957-07-05T17:29:20.489Z","age":"64"},"registered":{"date":"2002-11-19T06:59:12.180Z","age":"19"},"picture":"photos\/male\/4.jpg","works_at":"ChIJ_XuvKiBHDW0RDUuEq1Xl_Rk"},{"gender":"male","name":{"title":"Mr","first":"Isac","last":"Martins"},"email":"isac.martins@example.com","dob":{"date":"1990-10-29T08:23:01.387Z","age":"31"},"registered":{"date":"2015-09-06T19:41:50.886Z","age":"6"},"picture":"photos\/male\/5.jpg","works_at":"ChIJeajuYENIDW0RZvD7hUJ29e4"},{"gender":"male","name":{"title":"Mr","first":"Shawn","last":"Wallace"},"email":"shawn.wallace@example.com","dob":{"date":"1989-01-08T08:31:18.674Z","age":"32"},"registered":{"date":"2009-07-19T18:47:50.206Z","age":"12"},"picture":"photos\/male\/6.jpg","works_at":"ChIJJcUMLSBHDW0RjrLTzsltNsU"},{"gender":"male","name":{"title":"Mr","first":"Arquibaldo","last":"Oliveira"},"email":"arquibaldo.oliveira@example.com","dob":{"date":"1975-12-07T23:40:55.564Z","age":"46"},"registered":{"date":"2006-10-07T15:14:55.814Z","age":"15"},"picture":"photos\/male\/7.jpg","works_at":"ChIJ03-4fR1EDW0RSQas3NtR-gE"},{"gender":"male","name":{"title":"Mr","first":"August","last":"Olsen"},"email":"august.olsen@example.com","dob":{"date":"1950-11-07T16:08:47.621Z","age":"71"},"registered":{"date":"2004-10-12T02:49:37.449Z","age":"17"},"picture":"photos\/male\/8.jpg","works_at":"ChIJDwR7dXNBDW0R9J3cctaMaF4"},{"gender":"male","name":{"title":"Mr","first":"Gotthold","last":"Teufel"},"email":"gotthold.teufel@example.com","dob":{"date":"1993-04-24T03:32:38.676Z","age":"28"},"registered":{"date":"2013-02-08T23:48:59.337Z","age":"8"},"picture":"photos\/male\/9.jpg","works_at":"ChIJCy1snIxIDW0ReYXEUqVwUOk"},{"gender":"male","name":{"title":"Mr","first":"Ian","last":"Jordan"},"email":"ian.jordan@example.com","dob":{"date":"1960-10-19T02:10:05.420Z","age":"61"},"registered":{"date":"2018-10-20T06:42:40.726Z","age":"3"},"picture":"photos\/male\/10.jpg","works_at":"ChIJ5dQyu0VGDW0Rp8r1WPXSWkQ"},{"gender":"male","name":{"title":"Mr","first":"Emir","last":"Langnes"},"email":"emir.langnes@example.com","dob":{"date":"1977-07-29T10:11:58.792Z","age":"44"},"registered":{"date":"2015-04-06T10:50:45.440Z","age":"6"},"picture":"photos\/male\/11.jpg","works_at":"ChIJeajuYENIDW0RZvD7hUJ29e4"},{"gender":"male","name":{"title":"Mr","first":"Ludovino","last":"Pires"},"email":"ludovino.pires@example.com","dob":{"date":"1957-07-23T16:44:03.951Z","age":"64"},"registered":{"date":"2014-11-19T20:16:31.897Z","age":"7"},"picture":"photos\/male\/12.jpg","works_at":"ChIJ4yfipslGDW0RNOjOYrEmtR0"},{"gender":"male","name":{"title":"Mr","first":"Valtteri","last":"Kauppila"},"email":"valtteri.kauppila@example.com","dob":{"date":"1961-02-02T08:58:40.649Z","age":"60"},"registered":{"date":"2004-06-15T05:57:36.569Z","age":"17"},"picture":"photos\/male\/13.jpg","works_at":"ChIJv7Rnm_lDDW0RTw4Y2JNc2ng"},{"gender":"male","name":{"title":"Mr","first":"Arttu","last":"Huotari"},"email":"arttu.huotari@example.com","dob":{"date":"1946-01-27T22:30:31.938Z","age":"75"},"registered":{"date":"2018-04-16T11:28:56.246Z","age":"3"},"picture":"photos\/male\/14.jpg","works_at":"ChIJCdfi0ak_DW0Rm3vlAj1UTsE"},{"gender":"male","name":{"title":"Mr","first":"Joshua","last":"Greger"},"email":"joshua.greger@example.com","dob":{"date":"1977-02-03T11:31:04.119Z","age":"44"},"registered":{"date":"2018-11-17T07:50:19.519Z","age":"3"},"picture":"photos\/male\/15.jpg","works_at":"ChIJ7xdheYlIDW0R46XMF7Qqjbs"},{"gender":"male","name":{"title":"Mr","first":"Victor","last":"Madsen"},"email":"victor.madsen@example.com","dob":{"date":"1983-02-17T08:33:21.073Z","age":"38"},"registered":{"date":"2017-08-05T09:44:12.890Z","age":"4"},"picture":"photos\/male\/16.jpg","works_at":"ChIJx8_y3FNJDW0Rk4Zr_P94QKI"},{"gender":"male","name":{"title":"Mr","first":"Nixon","last":"Li"},"email":"nixon.li@example.com","dob":{"date":"1978-05-07T09:46:45.255Z","age":"43"},"registered":{"date":"2012-03-11T00:25:56.526Z","age":"9"},"picture":"photos\/male\/17.jpg","works_at":"ChIJ_XuvKiBHDW0RDUuEq1Xl_Rk"},{"gender":"male","name":{"title":"Mr","first":"Charles","last":"Pelletier"},"email":"charles.pelletier@example.com","dob":{"date":"1947-05-11T09:36:18.838Z","age":"74"},"registered":{"date":"2007-05-05T11:53:38.371Z","age":"14"},"picture":"photos\/male\/18.jpg","works_at":"ChIJv7Rnm_lDDW0RTw4Y2JNc2ng"},{"gender":"male","name":{"title":"Mr","first":"Vedat","last":"Ayverdi"},"email":"vedat.ayverdi@example.com","dob":{"date":"1953-07-31T12:54:19.413Z","age":"68"},"registered":{"date":"2016-02-17T03:12:28.740Z","age":"5"},"picture":"photos\/male\/19.jpg","works_at":"ChIJ3d25U_9GDW0Rlb0BNUTUw7g"},{"gender":"male","name":{"title":"Mr","first":"Oliver","last":"Poulsen"},"email":"oliver.poulsen@example.com","dob":{"date":"1985-05-30T03:12:08.065Z","age":"36"},"registered":{"date":"2014-03-30T21:42:49.242Z","age":"7"},"picture":"photos\/male\/20.jpg","works_at":"ChIJDwR7dXNBDW0R9J3cctaMaF4"},{"gender":"male","name":{"title":"Mr","first":"Gauthier","last":"Robert"},"email":"gauthier.robert@example.com","dob":{"date":"1959-04-06T00:36:09.165Z","age":"62"},"registered":{"date":"2016-07-31T02:26:48.378Z","age":"5"},"picture":"photos\/male\/21.jpg","works_at":"ChIJCdfi0ak_DW0Rm3vlAj1UTsE"},{"gender":"male","name":{"title":"Mr","first":"Tallak","last":"Ravn"},"email":"tallak.ravn@example.com","dob":{"date":"1948-01-16T16:59:55.078Z","age":"73"},"registered":{"date":"2015-07-05T22:57:16.319Z","age":"6"},"picture":"photos\/male\/22.jpg","works_at":"ChIJIcep3ZVHDW0R88EyluNXcJI"},{"gender":"male","name":{"title":"Mr","first":"Jacko","last":"Hagemeijer"},"email":"jacko.hagemeijer@example.com","dob":{"date":"1945-02-02T08:04:04.234Z","age":"76"},"registered":{"date":"2018-08-27T05:44:08.465Z","age":"3"},"picture":"photos\/male\/23.jpg","works_at":"ChIJCdfi0ak_DW0Rm3vlAj1UTsE"},{"gender":"male","name":{"title":"Mr","first":"Alfred","last":"Christiansen"},"email":"alfred.christiansen@example.com","dob":{"date":"1998-01-13T19:49:16.489Z","age":"23"},"registered":{"date":"2006-12-22T08:09:11.602Z","age":"15"},"picture":"photos\/male\/24.jpg","works_at":"ChIJjbjVCGpPDW0RXDoz3rUEFD0"},{"gender":"male","name":{"title":"Mr","first":"Theodore","last":"Brooks"},"email":"theodore.brooks@example.com","dob":{"date":"1944-09-23T17:41:57.316Z","age":"77"},"registered":{"date":"2008-10-09T03:45:48.314Z","age":"13"},"picture":"photos\/male\/25.jpg","works_at":"ChIJ03-4fR1EDW0RSQas3NtR-gE"},{"gender":"male","name":{"title":"Mr","first":"Damas","last":"Silveira"},"email":"damas.silveira@example.com","dob":{"date":"1977-10-10T13:27:53.770Z","age":"44"},"registered":{"date":"2007-09-07T13:37:15.522Z","age":"14"},"picture":"photos\/male\/26.jpg","works_at":"ChIJsRkNbhxGDW0R1GYJwZDaxIw"},{"gender":"male","name":{"title":"Mr","first":"Phoenix","last":"Cooper"},"email":"phoenix.cooper@example.com","dob":{"date":"1948-06-18T00:04:02.628Z","age":"73"},"registered":{"date":"2018-11-06T21:20:04.913Z","age":"3"},"picture":"photos\/male\/27.jpg","works_at":"ChIJ_XuvKiBHDW0RDUuEq1Xl_Rk"},{"gender":"male","name":{"title":"Mr","first":"Tim","last":"Beck"},"email":"tim.beck@example.com","dob":{"date":"1992-07-16T09:02:31.445Z","age":"29"},"registered":{"date":"2010-05-16T15:19:10.038Z","age":"11"},"picture":"photos\/male\/28.jpg","works_at":"ChIJPbtydgVIDW0RoLGPPZg9-6w"},{"gender":"male","name":{"title":"Mr","first":"Dylan","last":"Noel"},"email":"dylan.noel@example.com","dob":{"date":"1996-09-11T18:16:27.903Z","age":"25"},"registered":{"date":"2016-09-30T13:16:18.594Z","age":"5"},"picture":"photos\/male\/29.jpg","works_at":"ChIJ7xdheYlIDW0R46XMF7Qqjbs"},{"gender":"male","name":{"title":"Mr","first":"Yael","last":"Rutgers"},"email":"yael.rutgers@example.com","dob":{"date":"1959-05-02T16:04:22.136Z","age":"62"},"registered":{"date":"2010-10-17T05:14:27.418Z","age":"11"},"picture":"photos\/male\/30.jpg","works_at":"ChIJjbjVCGpPDW0RXDoz3rUEFD0"},{"gender":"male","name":{"title":"Mr","first":"Antonio","last":"Oskarsen"},"email":"antonio.oskarsen@example.com","dob":{"date":"1971-11-20T22:53:09.067Z","age":"50"},"registered":{"date":"2012-05-13T06:38:00.015Z","age":"9"},"picture":"photos\/male\/31.jpg","works_at":"ChIJx8_y3FNJDW0Rk4Zr_P94QKI"},{"gender":"male","name":{"title":"Mr","first":"Edward","last":"Bennett"},"email":"edward.bennett@example.com","dob":{"date":"1988-08-21T21:19:50.641Z","age":"33"},"registered":{"date":"2014-01-30T03:36:55.137Z","age":"7"},"picture":"photos\/male\/32.jpg","works_at":"ChIJJcUMLSBHDW0RjrLTzsltNsU"},{"gender":"male","name":{"title":"Mr","first":"Baptiste","last":"Bourgeois"},"email":"baptiste.bourgeois@example.com","dob":{"date":"1960-01-11T03:21:00.027Z","age":"61"},"registered":{"date":"2017-06-30T12:15:26.874Z","age":"4"},"picture":"photos\/male\/33.jpg","works_at":"ChIJCdfi0ak_DW0Rm3vlAj1UTsE"},{"gender":"male","name":{"title":"Mr","first":"?????","last":"????????"},"email":"hsn.kmyrn@example.com","dob":{"date":"1990-12-17T19:29:28.290Z","age":"31"},"registered":{"date":"2004-05-08T18:19:18.041Z","age":"17"},"picture":"photos\/male\/34.jpg","works_at":"ChIJx8_y3FNJDW0Rk4Zr_P94QKI"},{"gender":"male","name":{"title":"Mr","first":"?????????","last":"?????"},"email":"mhmdprs.khrymy@example.com","dob":{"date":"1976-09-22T11:09:04.460Z","age":"45"},"registered":{"date":"2005-05-14T19:19:59.379Z","age":"16"},"picture":"photos\/male\/35.jpg","works_at":"ChIJDwR7dXNBDW0R9J3cctaMaF4"},{"gender":"male","name":{"title":"Mr","first":"Felix","last":"Thompson"},"email":"felix.thompson@example.com","dob":{"date":"1978-08-20T05:34:15.908Z","age":"43"},"registered":{"date":"2010-12-25T20:32:58.117Z","age":"11"},"picture":"photos\/male\/36.jpg","works_at":"ChIJPbtydgVIDW0RoLGPPZg9-6w"},{"gender":"male","name":{"title":"Mr","first":"Gene","last":"Johnston"},"email":"gene.johnston@example.com","dob":{"date":"1991-11-17T16:19:42.281Z","age":"30"},"registered":{"date":"2006-04-09T11:00:48.082Z","age":"15"},"picture":"photos\/male\/37.jpg","works_at":"ChIJ_XuvKiBHDW0RDUuEq1Xl_Rk"},{"gender":"male","name":{"title":"Mr","first":"?????","last":"?????"},"email":"swrn.prs@example.com","dob":{"date":"1948-07-18T01:42:25.784Z","age":"73"},"registered":{"date":"2012-09-30T02:35:39.347Z","age":"9"},"picture":"photos\/male\/38.jpg","works_at":"ChIJPbtydgVIDW0RoLGPPZg9-6w"},{"gender":"male","name":{"title":"Mr","first":"Jonathan","last":"Mason"},"email":"jonathan.mason@example.com","dob":{"date":"1946-06-28T15:13:20.868Z","age":"75"},"registered":{"date":"2013-12-17T19:32:46.697Z","age":"8"},"picture":"photos\/male\/39.jpg","works_at":"ChIJ5dQyu0VGDW0Rp8r1WPXSWkQ"},{"gender":"male","name":{"title":"Mr","first":"Thibault","last":"Henry"},"email":"thibault.henry@example.com","dob":{"date":"1952-09-15T07:33:00.087Z","age":"69"},"registered":{"date":"2007-01-21T19:50:16.251Z","age":"14"},"picture":"photos\/male\/40.jpg","works_at":"ChIJJcUMLSBHDW0RjrLTzsltNsU"},{"gender":"male","name":{"title":"Mr","first":"Batur","last":"Adal"},"email":"batur.adal@example.com","dob":{"date":"1986-10-12T18:16:20.497Z","age":"35"},"registered":{"date":"2006-08-22T22:36:59.228Z","age":"15"},"picture":"photos\/male\/41.jpg","works_at":"ChIJ7xdheYlIDW0R46XMF7Qqjbs"},{"gender":"male","name":{"title":"Mr","first":"Hanspeter","last":"Otte"},"email":"hanspeter.otte@example.com","dob":{"date":"1991-08-22T14:36:35.609Z","age":"30"},"registered":{"date":"2008-12-27T03:24:55.428Z","age":"13"},"picture":"photos\/male\/42.jpg","works_at":"ChIJIcep3ZVHDW0R88EyluNXcJI"},{"gender":"male","name":{"title":"Mr","first":"????????","last":"?????"},"email":"mhmdmyn.qsmy@example.com","dob":{"date":"1983-08-18T13:31:08.476Z","age":"38"},"registered":{"date":"2007-09-21T19:00:06.688Z","age":"14"},"picture":"photos\/male\/43.jpg","works_at":"ChIJ4yfipslGDW0RNOjOYrEmtR0"},{"gender":"male","name":{"title":"Mr","first":"Kik","last":"Schuurhuis"},"email":"kik.schuurhuis@example.com","dob":{"date":"1955-05-20T16:00:52.466Z","age":"66"},"registered":{"date":"2008-10-15T21:30:21.135Z","age":"13"},"picture":"photos\/male\/44.jpg","works_at":"ChIJYZngBVVGDW0RKkNVJXmW2u0"},{"gender":"male","name":{"title":"Mr","first":"Joona","last":"Keto"},"email":"joona.keto@example.com","dob":{"date":"1951-03-18T01:21:30.161Z","age":"70"},"registered":{"date":"2006-03-10T10:04:58.746Z","age":"15"},"picture":"photos\/male\/45.jpg","works_at":"ChIJ_XuvKiBHDW0RDUuEq1Xl_Rk"},{"gender":"male","name":{"title":"Mr","first":"Louis","last":"Tjore"},"email":"louis.tjore@example.com","dob":{"date":"1984-09-15T07:51:13.433Z","age":"37"},"registered":{"date":"2015-01-29T19:12:40.902Z","age":"6"},"picture":"photos\/male\/46.jpg","works_at":"ChIJIcep3ZVHDW0R88EyluNXcJI"},{"gender":"male","name":{"title":"Mr","first":"Bendavid","last":"Gomes"},"email":"bendavid.gomes@example.com","dob":{"date":"1958-03-01T00:49:12.754Z","age":"63"},"registered":{"date":"2013-05-09T23:24:52.915Z","age":"8"},"picture":"photos\/male\/47.jpg","works_at":"ChIJ4yfipslGDW0RNOjOYrEmtR0"},{"gender":"male","name":{"title":"Mr","first":"Sammy","last":"Washington"},"email":"sammy.washington@example.com","dob":{"date":"1954-04-02T21:28:07.876Z","age":"67"},"registered":{"date":"2006-09-11T18:11:07.280Z","age":"15"},"picture":"photos\/male\/48.jpg","works_at":"ChIJ3d25U_9GDW0Rlb0BNUTUw7g"},{"gender":"male","name":{"title":"Mr","first":"Tyrone","last":"Dean"},"email":"tyrone.dean@example.com","dob":{"date":"1981-06-06T03:13:15.402Z","age":"40"},"registered":{"date":"2017-02-28T14:57:26.509Z","age":"4"},"picture":"photos\/male\/49.jpg","works_at":"ChIJ4yfipslGDW0RNOjOYrEmtR0"},{"gender":"male","name":{"title":"Mr","first":"Troy","last":"Kaur"},"email":"troy.kaur@example.com","dob":{"date":"1949-06-22T10:51:52.360Z","age":"72"},"registered":{"date":"2018-07-19T04:27:51.756Z","age":"3"},"picture":"photos\/male\/50.jpg","works_at":"ChIJJcUMLSBHDW0RjrLTzsltNsU"},{"gender":"male","name":{"title":"Mr","first":"Gokhan","last":"Karaduman"},"email":"gokhan.karaduman@example.com","dob":{"date":"1992-06-25T03:03:58.324Z","age":"29"},"registered":{"date":"2018-04-18T15:17:38.142Z","age":"3"},"picture":"photos\/male\/51.jpg","works_at":"ChIJHbdXTiRADW0RLVmsW5zFfFI"},{"gender":"male","name":{"title":"Monsieur","first":"Hasan","last":"Bourgeois"},"email":"hasan.bourgeois@example.com","dob":{"date":"1960-01-16T02:36:51.518Z","age":"61"},"registered":{"date":"2005-03-23T11:13:34.423Z","age":"16"},"picture":"photos\/male\/52.jpg","works_at":"ChIJx8_y3FNJDW0Rk4Zr_P94QKI"},{"gender":"male","name":{"title":"Mr","first":"Tjalling","last":"Kempers"},"email":"tjalling.kempers@example.com","dob":{"date":"1972-03-01T02:26:59.823Z","age":"49"},"registered":{"date":"2019-09-24T21:29:40.543Z","age":"2"},"picture":"photos\/male\/53.jpg","works_at":"ChIJPbtydgVIDW0RoLGPPZg9-6w"},{"gender":"male","name":{"title":"Mr","first":"Sylvester","last":"Diemer"},"email":"sylvester.diemer@example.com","dob":{"date":"1979-05-17T00:34:56.953Z","age":"42"},"registered":{"date":"2003-12-28T13:18:09.034Z","age":"18"},"picture":"photos\/male\/54.jpg","works_at":"ChIJPbtydgVIDW0RoLGPPZg9-6w"},{"gender":"male","name":{"title":"Mr","first":"Cosme","last":"Melo"},"email":"cosme.melo@example.com","dob":{"date":"1950-12-03T08:29:43.248Z","age":"71"},"registered":{"date":"2017-07-03T01:34:53.186Z","age":"4"},"picture":"photos\/male\/55.jpg","works_at":"ChIJ3d25U_9GDW0Rlb0BNUTUw7g"},{"gender":"male","name":{"title":"Mr","first":"Virgil","last":"Vargas"},"email":"virgil.vargas@example.com","dob":{"date":"1948-04-11T23:56:18.759Z","age":"73"},"registered":{"date":"2012-10-14T00:03:07.443Z","age":"9"},"picture":"photos\/male\/56.jpg","works_at":"ChIJ5dQyu0VGDW0Rp8r1WPXSWkQ"},{"gender":"male","name":{"title":"Mr","first":"Magnus","last":"Bruheim"},"email":"magnus.bruheim@example.com","dob":{"date":"1987-12-16T01:25:17.018Z","age":"34"},"registered":{"date":"2016-04-24T08:28:14.246Z","age":"5"},"picture":"photos\/male\/57.jpg","works_at":"ChIJ5dQyu0VGDW0Rp8r1WPXSWkQ"},{"gender":"male","name":{"title":"Mr","first":"Max","last":"West"},"email":"max.west@example.com","dob":{"date":"1988-08-05T16:35:14.613Z","age":"33"},"registered":{"date":"2010-12-12T05:47:19.336Z","age":"11"},"picture":"photos\/male\/58.jpg","works_at":"ChIJ_XuvKiBHDW0RDUuEq1Xl_Rk"},{"gender":"male","name":{"title":"Mr","first":"Gerfried","last":"Wittenberg"},"email":"gerfried.wittenberg@example.com","dob":{"date":"1948-08-29T09:53:55.608Z","age":"73"},"registered":{"date":"2007-02-15T22:56:38.541Z","age":"14"},"picture":"photos\/male\/59.jpg","works_at":"ChIJDwR7dXNBDW0R9J3cctaMaF4"},{"gender":"male","name":{"title":"Mr","first":"Dylan","last":"Chan"},"email":"dylan.chan@example.com","dob":{"date":"1948-01-14T04:05:15.440Z","age":"73"},"registered":{"date":"2010-06-04T13:24:30.550Z","age":"11"},"picture":"photos\/male\/60.jpg","works_at":"ChIJ03-4fR1EDW0RSQas3NtR-gE"},{"gender":"male","name":{"title":"Mr","first":"Tyrone","last":"Vasquez"},"email":"tyrone.vasquez@example.com","dob":{"date":"1970-02-21T06:45:58.075Z","age":"51"},"registered":{"date":"2013-12-18T03:23:24.955Z","age":"8"},"picture":"photos\/male\/61.jpg","works_at":"ChIJYZngBVVGDW0RKkNVJXmW2u0"},{"gender":"male","name":{"title":"Monsieur","first":"Ahmad","last":"Petit"},"email":"ahmad.petit@example.com","dob":{"date":"1980-03-02T20:10:00.096Z","age":"41"},"registered":{"date":"2018-07-08T19:08:32.734Z","age":"3"},"picture":"photos\/male\/62.jpg","works_at":"ChIJ4yfipslGDW0RNOjOYrEmtR0"},{"gender":"male","name":{"title":"Mr","first":"Diego","last":"Louman"},"email":"diego.louman@example.com","dob":{"date":"1997-08-04T17:37:02.072Z","age":"24"},"registered":{"date":"2012-08-09T23:15:14.276Z","age":"9"},"picture":"photos\/male\/63.jpg","works_at":"ChIJXZFaSB1LDW0RyDu5MTHVz0Y"},{"gender":"male","name":{"title":"Mr","first":"Alfonso","last":"Diaz"},"email":"alfonso.diaz@example.com","dob":{"date":"1968-03-24T07:46:59.388Z","age":"53"},"registered":{"date":"2015-01-27T03:25:32.071Z","age":"6"},"picture":"photos\/male\/64.jpg","works_at":"ChIJJcUMLSBHDW0RjrLTzsltNsU"},{"gender":"male","name":{"title":"Mr","first":"Marvin","last":"Neset"},"email":"marvin.neset@example.com","dob":{"date":"1980-03-05T04:15:28.634Z","age":"41"},"registered":{"date":"2009-07-24T21:33:31.065Z","age":"12"},"picture":"photos\/male\/65.jpg","works_at":"ChIJ4yfipslGDW0RNOjOYrEmtR0"},{"gender":"male","name":{"title":"Mr","first":"John","last":"Price"},"email":"john.price@example.com","dob":{"date":"1949-01-22T02:55:39.667Z","age":"72"},"registered":{"date":"2012-04-30T19:27:12.921Z","age":"9"},"picture":"photos\/male\/66.jpg","works_at":"ChIJCy1snIxIDW0ReYXEUqVwUOk"},{"gender":"male","name":{"title":"Mr","first":"Valerio","last":"Barros"},"email":"valerio.barros@example.com","dob":{"date":"1964-07-31T22:47:13.863Z","age":"57"},"registered":{"date":"2017-01-03T16:41:02.208Z","age":"4"},"picture":"photos\/male\/67.jpg","works_at":"ChIJ_XuvKiBHDW0RDUuEq1Xl_Rk"},{"gender":"male","name":{"title":"Mr","first":"","last":"Schalks"},"email":"sohaib.schalks@example.com","dob":{"date":"1957-01-23T05:35:03.515Z","age":"64"},"registered":{"date":"2019-05-06T06:01:05.108Z","age":"2"},"picture":"photos\/male\/68.jpg","works_at":"ChIJDwR7dXNBDW0R9J3cctaMaF4"},{"gender":"male","name":{"title":"Mr","first":"Arttu","last":"Leinonen"},"email":"arttu.leinonen@example.com","dob":{"date":"1986-09-08T04:07:00.807Z","age":"35"},"registered":{"date":"2012-07-22T23:17:08.374Z","age":"9"},"picture":"photos\/male\/69.jpg","works_at":"ChIJjbjVCGpPDW0RXDoz3rUEFD0"},{"gender":"male","name":{"title":"Mr","first":"Kenan","last":"Ozbir"},"email":"kenan.ozbir@example.com","dob":{"date":"1976-06-06T09:20:10.450Z","age":"45"},"registered":{"date":"2009-07-10T09:36:18.975Z","age":"12"},"picture":"photos\/male\/70.jpg","works_at":"ChIJYZngBVVGDW0RKkNVJXmW2u0"},{"gender":"male","name":{"title":"Mr","first":"Julian","last":"Guerrero"},"email":"julian.guerrero@example.com","dob":{"date":"1955-04-27T23:14:47.630Z","age":"66"},"registered":{"date":"2010-09-24T13:34:06.057Z","age":"11"},"picture":"photos\/male\/71.jpg","works_at":"ChIJ5dQyu0VGDW0Rp8r1WPXSWkQ"},{"gender":"male","name":{"title":"Mr","first":"Ilan","last":"Muller"},"email":"ilan.muller@example.com","dob":{"date":"1947-10-20T03:14:23.895Z","age":"74"},"registered":{"date":"2017-04-20T00:43:05.564Z","age":"4"},"picture":"photos\/male\/72.jpg","works_at":"ChIJJcUMLSBHDW0RjrLTzsltNsU"},{"gender":"male","name":{"title":"Mr","first":"Derrick","last":"Barnes"},"email":"derrick.barnes@example.com","dob":{"date":"1956-11-03T20:57:52.164Z","age":"65"},"registered":{"date":"2019-09-07T13:39:06.699Z","age":"2"},"picture":"photos\/male\/73.jpg","works_at":"ChIJ4yfipslGDW0RNOjOYrEmtR0"},{"gender":"male","name":{"title":"Mr","first":"Malik","last":"Lavoie"},"email":"malik.lavoie@example.com","dob":{"date":"1952-08-16T07:11:01.148Z","age":"69"},"registered":{"date":"2007-12-14T01:58:56.467Z","age":"14"},"picture":"photos\/male\/74.jpg","works_at":"ChIJXZFaSB1LDW0RyDu5MTHVz0Y"},{"gender":"male","name":{"title":"Mr","first":"Nathan","last":"Sirko"},"email":"nathan.sirko@example.com","dob":{"date":"1970-06-28T19:29:26.615Z","age":"51"},"registered":{"date":"2016-08-06T04:58:42.825Z","age":"5"},"picture":"photos\/male\/75.jpg","works_at":"ChIJ5dQyu0VGDW0Rp8r1WPXSWkQ"},{"gender":"male","name":{"title":"Mr","first":"Corey","last":"Jordan"},"email":"corey.jordan@example.com","dob":{"date":"1990-09-16T00:28:23.813Z","age":"31"},"registered":{"date":"2007-05-08T00:13:54.245Z","age":"14"},"picture":"photos\/male\/76.jpg","works_at":"ChIJ4yfipslGDW0RNOjOYrEmtR0"},{"gender":"male","name":{"title":"Mr","first":"Fabien","last":"Riviere"},"email":"fabien.riviere@example.com","dob":{"date":"1950-09-16T07:50:15.773Z","age":"71"},"registered":{"date":"2008-12-28T21:02:07.615Z","age":"13"},"picture":"photos\/male\/77.jpg","works_at":"ChIJeajuYENIDW0RZvD7hUJ29e4"},{"gender":"male","name":{"title":"Mr","first":"","last":"Paavola"},"email":"vaino.paavola@example.com","dob":{"date":"1988-05-10T10:19:36.918Z","age":"33"},"registered":{"date":"2014-06-13T01:42:07.664Z","age":"7"},"picture":"photos\/male\/78.jpg","works_at":"ChIJHbdXTiRADW0RLVmsW5zFfFI"},{"gender":"male","name":{"title":"Mr","first":"Jarand","last":"Myre"},"email":"jarand.myre@example.com","dob":{"date":"1989-09-12T04:05:16.463Z","age":"32"},"registered":{"date":"2008-06-27T15:57:57.287Z","age":"13"},"picture":"photos\/male\/79.jpg","works_at":"ChIJCdfi0ak_DW0Rm3vlAj1UTsE"},{"gender":"male","name":{"title":"Mr","first":"?????????","last":"????"},"email":"mhmdprs.glshn@example.com","dob":{"date":"1967-07-12T03:28:55.470Z","age":"54"},"registered":{"date":"2010-05-26T22:45:33.535Z","age":"11"},"picture":"photos\/male\/80.jpg","works_at":"ChIJPbtydgVIDW0RoLGPPZg9-6w"},{"gender":"male","name":{"title":"Mr","first":"Quentin","last":"Gerard"},"email":"quentin.gerard@example.com","dob":{"date":"1965-08-18T13:41:10.176Z","age":"56"},"registered":{"date":"2003-05-31T18:33:31.274Z","age":"18"},"picture":"photos\/male\/81.jpg","works_at":"ChIJJcUMLSBHDW0RjrLTzsltNsU"},{"gender":"male","name":{"title":"Mr","first":"Austin","last":"Taylor"},"email":"austin.taylor@example.com","dob":{"date":"1952-06-05T17:49:07.143Z","age":"69"},"registered":{"date":"2007-07-12T16:58:22.328Z","age":"14"},"picture":"photos\/male\/82.jpg","works_at":"ChIJCdfi0ak_DW0Rm3vlAj1UTsE"},{"gender":"male","name":{"title":"Mr","first":"Preben","last":"Osman"},"email":"preben.osman@example.com","dob":{"date":"1962-05-08T19:36:42.879Z","age":"59"},"registered":{"date":"2008-01-09T06:35:33.120Z","age":"13"},"picture":"photos\/male\/83.jpg","works_at":"ChIJJcUMLSBHDW0RjrLTzsltNsU"},{"gender":"male","name":{"title":"Mr","first":"Ryan","last":"Thompson"},"email":"ryan.thompson@example.com","dob":{"date":"1985-01-20T16:37:43.864Z","age":"36"},"registered":{"date":"2016-05-18T19:33:37.913Z","age":"5"},"picture":"photos\/male\/84.jpg","works_at":"ChIJjbjVCGpPDW0RXDoz3rUEFD0"},{"gender":"male","name":{"title":"Mr","first":"Tobias","last":"Christensen"},"email":"tobias.christensen@example.com","dob":{"date":"1954-11-23T05:17:13.260Z","age":"67"},"registered":{"date":"2007-01-15T07:34:03.235Z","age":"14"},"picture":"photos\/male\/85.jpg","works_at":"ChIJ3d25U_9GDW0Rlb0BNUTUw7g"},{"gender":"male","name":{"title":"Mr","first":"Adrian","last":"Hernandez"},"email":"adrian.hernandez@example.com","dob":{"date":"1973-03-18T21:05:28.559Z","age":"48"},"registered":{"date":"2003-01-08T21:43:33.440Z","age":"18"},"picture":"photos\/male\/86.jpg","works_at":"ChIJYZngBVVGDW0RKkNVJXmW2u0"},{"gender":"male","name":{"title":"Mr","first":"Philip","last":"Hansen"},"email":"philip.hansen@example.com","dob":{"date":"1948-08-02T07:38:05.108Z","age":"73"},"registered":{"date":"2005-06-21T06:07:37.505Z","age":"16"},"picture":"photos\/male\/87.jpg","works_at":"ChIJ3d25U_9GDW0Rlb0BNUTUw7g"},{"gender":"male","name":{"title":"Mr","first":"Arthur","last":"Harcourt"},"email":"arthur.harcourt@example.com","dob":{"date":"1976-08-04T06:44:33.886Z","age":"45"},"registered":{"date":"2005-03-23T13:18:46.238Z","age":"16"},"picture":"photos\/male\/88.jpg","works_at":"ChIJsRkNbhxGDW0R1GYJwZDaxIw"},{"gender":"male","name":{"title":"Mr","first":"Jeff","last":"Morrison"},"email":"jeff.morrison@example.com","dob":{"date":"1996-11-03T23:05:00.757Z","age":"25"},"registered":{"date":"2013-09-12T17:48:03.481Z","age":"8"},"picture":"photos\/male\/89.jpg","works_at":"ChIJYZngBVVGDW0RKkNVJXmW2u0"},{"gender":"male","name":{"title":"Mr","first":"Peter","last":"Collins"},"email":"peter.collins@example.com","dob":{"date":"1964-08-13T14:59:38.777Z","age":"57"},"registered":{"date":"2011-10-30T21:35:10.144Z","age":"10"},"picture":"photos\/male\/90.jpg","works_at":"ChIJ5dQyu0VGDW0Rp8r1WPXSWkQ"},{"gender":"male","name":{"title":"Mr","first":"Jeremiah","last":"Marshall"},"email":"jeremiah.marshall@example.com","dob":{"date":"1957-06-13T02:40:31.967Z","age":"64"},"registered":{"date":"2018-10-05T09:51:20.352Z","age":"3"},"picture":"photos\/male\/91.jpg","works_at":"ChIJv7Rnm_lDDW0RTw4Y2JNc2ng"},{"gender":"male","name":{"title":"Mr","first":"Carter","last":"Pierce"},"email":"carter.pierce@example.com","dob":{"date":"1947-07-09T05:18:44.949Z","age":"74"},"registered":{"date":"2018-12-29T07:16:59.447Z","age":"3"},"picture":"photos\/male\/92.jpg","works_at":"ChIJ4yfipslGDW0RNOjOYrEmtR0"},{"gender":"male","name":{"title":"Mr","first":"Sem","last":"Elfrink"},"email":"sem.elfrink@example.com","dob":{"date":"1951-10-11T19:32:41.527Z","age":"70"},"registered":{"date":"2015-11-21T20:35:50.361Z","age":"6"},"picture":"photos\/male\/93.jpg","works_at":"ChIJeajuYENIDW0RZvD7hUJ29e4"},{"gender":"male","name":{"title":"Mr","first":"Davut","last":"Toraman"},"email":"davut.toraman@example.com","dob":{"date":"1982-08-18T16:23:20.669Z","age":"39"},"registered":{"date":"2018-02-19T17:27:18.638Z","age":"3"},"picture":"photos\/male\/94.jpg","works_at":"ChIJx8_y3FNJDW0Rk4Zr_P94QKI"},{"gender":"male","name":{"title":"Mr","first":"Connor","last":"Davies"},"email":"connor.davies@example.com","dob":{"date":"1961-02-21T22:59:54.373Z","age":"60"},"registered":{"date":"2003-03-07T21:25:51.197Z","age":"18"},"picture":"photos\/male\/95.jpg","works_at":"ChIJeajuYENIDW0RZvD7hUJ29e4"},{"gender":"male","name":{"title":"Monsieur","first":"Ueli","last":"Duval"},"email":"ueli.duval@example.com","dob":{"date":"1986-05-06T23:25:11.603Z","age":"35"},"registered":{"date":"2010-02-26T06:13:35.650Z","age":"11"},"picture":"photos\/male\/96.jpg","works_at":"ChIJCy1snIxIDW0ReYXEUqVwUOk"},{"gender":"male","name":{"title":"Mr","first":"Bobby","last":"George"},"email":"bobby.george@example.com","dob":{"date":"1994-02-10T06:36:04.281Z","age":"27"},"registered":{"date":"2015-06-13T13:26:36.608Z","age":"6"},"picture":"photos\/male\/97.jpg","works_at":"ChIJ03-4fR1EDW0RSQas3NtR-gE"},{"gender":"male","name":{"title":"Mr","first":"Felix","last":"Lavigne"},"email":"felix.lavigne@example.com","dob":{"date":"1962-12-27T02:20:54.582Z","age":"59"},"registered":{"date":"2009-10-23T15:31:57.317Z","age":"12"},"picture":"photos\/male\/98.jpg","works_at":"ChIJCy1snIxIDW0ReYXEUqVwUOk"},{"gender":"male","name":{"title":"Mr","first":"Jeronimus","last":"Kralt"},"email":"jeronimus.kralt@example.com","dob":{"date":"1957-12-26T13:20:05.016Z","age":"64"},"registered":{"date":"2002-11-11T00:04:40.709Z","age":"19"},"picture":"photos\/male\/99.jpg","works_at":"ChIJXZFaSB1LDW0RyDu5MTHVz0Y"}]